,Viscosity,T,CaO,Al2O3,SiO2,result_0,result_1,result_2,result_3,result_4,result_5,result_6,result_7,result_8,result_9,result_10,result_11,result_12,result_13,result_14,result_15,result_16,result_17,result_18,result_19,result_20,result_21,result_22,result_23,result_24,result_25,result_26,result_27,result_28,result_29,result_30,result_31,result_32,result_33,result_34,result_35
0,7.6,1816,0.45,0.15,0.4,20.94007177938592,20.909822926330733,20.286964764836263,20.36377527412301,20.413222129071745,20.414178696158814,20.38764758758088,20.054460603841513,20.065322078118676,19.72877594089279,19.572175547631193,19.71607385136659,19.698154161004652,19.6458863089759,19.675659514186457,19.677612818677098,19.710096513434085,19.712049817924722,19.628468409187256,19.634899524961373,19.63597972871597,19.637447929199624,19.600351819074294,19.618328677965636,19.555563478878703,19.572071662839257,19.57184074783213,19.555860320877063,19.565096806345498,19.572048355112077,19.565201847268884,19.567155151759522,19.558055051576787,19.558059623587337,19.56026183441678,19.56223335134194
1,7.0,1816,0.45,0.1,0.45,20.94007177938592,20.909822926330733,20.286964764836263,20.36377527412301,20.413222129071745,20.414178696158814,20.38764758758088,20.104460603841513,20.115322078118673,19.72877594089279,19.572175547631193,19.71607385136659,19.698154161004652,19.665976541983728,19.675659514186457,19.677612818677098,19.710096513434085,19.712049817924722,19.63875099998131,19.646324715714247,19.647595332247818,19.648867501644048,19.61862486867726,19.629598892760416,19.564471522031365,19.58182247236525,19.581580389928614,19.56007085398905,19.570848968377547,19.581643729862677,19.57446418081764,19.57641748530828,19.568300107246166,19.568303188125697,19.570643145027848,19.57367993809635
2,24.5,1816,0.35,0.1,0.55,20.94007177938592,21.00982292633073,20.9218853997569,20.981063318826408,21.846143757759688,21.849997724851765,21.920569216268824,22.032762604010543,22.035167988467293,22.79911967318859,22.932245832096825,22.79136826390418,22.802743818454132,22.788544851172816,22.72947446128111,22.730221381162504,22.677233956832442,22.677980876713832,22.69767882817091,22.692414922111794,22.69221537537311,22.677962374274195,22.67867138875421,22.644538837632552,22.53149730293681,22.563131000778117,22.56271498723681,22.527581608213595,22.548238236526327,22.567388806217096,22.55481077531329,22.55555769519468,22.54791250163249,22.54792143934098,22.554174852348943,22.564398159940044
3,23.8,1816,0.35,0.15,0.5,20.94007177938592,21.00982292633073,20.9218853997569,20.981063318826408,21.846143757759688,21.849997724851765,21.920569216268824,21.982762604010546,21.985167988467296,22.79911967318859,22.932245832096825,22.79136826390418,22.802743818454132,22.812413933309223,22.72947446128111,22.730221381162504,22.677233956832442,22.677980876713832,22.706321485021803,22.702426271511193,22.70227677175548,22.690609857757256,22.696170955079403,22.658798123044186,22.54890229234937,22.57994530390573,22.579537379583137,22.553493165139123,22.571229023246254,22.583763269114353,22.571423353452047,22.57217027333344,22.560321613867586,22.560340771723993,22.567313579286793,22.5750466154889
4,12.7,1816,0.4,0.2,0.4,20.94007177938592,20.959822926330734,20.56474254261404,20.632674998161825,20.98862138107075,20.99337952587007,21.013046839579886,20.948645493817743,20.966221254761884,21.170588217949575,21.088992391328873,21.085775536661917,21.09016799280694,21.08838858375669,21.091061144889995,21.092329261394887,21.131235716625046,21.132503833129935,21.113103391575343,21.146224648502077,21.148789240849677,21.144863991771732,21.133975805166145,21.120283268268324,20.99062376757002,21.03156259360546,21.031014615389388,20.999199841372494,21.01948903408238,21.027243404763716,21.01071498258223,21.01198309908712,20.992048544598028,20.99206074316707,20.99814781549281,21.003358291965206
5,13.0,1816,0.4,0.15,0.45,20.94007177938592,20.959822926330734,20.56474254261404,20.632674998161825,20.98862138107075,20.99337952587007,21.013046839579886,20.998645493817744,21.01622125476188,21.170588217949575,21.088992391328873,21.085775536661917,21.09016799280694,21.08907253653164,21.091061144889995,21.092329261394887,21.131235716625046,21.132503833129935,21.171840568443113,21.20440301557545,21.206933185352568,21.20299070268624,21.18542239641672,21.17832930930766,21.04865873913142,21.08963129380733,21.08908350787046,21.04526654271111,21.068620879568318,21.085413788345026,21.06887937770044,21.07014749420533,21.052268806498393,21.052287205826232,21.05967319556244,21.067037773017358
6,11.8,1816,0.4,0.1,0.5,20.94007177938592,20.959822926330734,20.56474254261404,20.632674998161825,20.98862138107075,20.99337952587007,21.013046839579886,21.048645493817745,21.06622125476188,21.170588217949575,21.088992391328873,21.085775536661917,21.09016799280694,21.089831164070898,21.091061144889995,21.092329261394887,21.131235716625046,21.132503833129935,21.22949715106572,21.261282904242883,21.263761300678432,21.259831997926966,21.236172559172225,21.23510721123117,21.105790579308277,21.146661438710066,21.146115645398627,21.091107333509186,21.117567292405198,21.142584660103804,21.126099014958143,21.127367131463036,21.11399044773948,21.113999927643636,21.12085084014409,21.130916660467783
7,9.5,1791,0.45,0.15,0.4,20.94007177938592,20.909822926330733,20.286964764836263,20.36377527412301,20.413222129071745,20.414178696158814,20.38764758758088,20.054460603841513,20.065322078118676,19.72877594089279,19.572175547631193,19.71607385136659,19.698154161004652,19.6458863089759,19.675659514186457,19.677612818677098,19.710096513434085,19.712049817924722,19.628468409187256,19.634899524961373,19.63597972871597,19.637447929199624,19.600351819074294,19.621390409398074,19.558652273757282,19.57397233872301,19.575223860622227,19.558615639297972,19.567253575363065,19.573109313656644,19.56474615527711,19.566699459767747,19.5578274372305,19.55782478913236,19.55805706236556,19.558904919115665
8,8.5,1791,0.45,0.1,0.45,20.94007177938592,20.909822926330733,20.286964764836263,20.36377527412301,20.413222129071745,20.414178696158814,20.38764758758088,20.104460603841513,20.115322078118673,19.72877594089279,19.572175547631193,19.71607385136659,19.698154161004652,19.665976541983728,19.675659514186457,19.677612818677098,19.710096513434085,19.712049817924722,19.63875099998131,19.646324715714247,19.647595332247818,19.648867501644048,19.61862486867726,19.632771531231317,19.56772537576863,19.583814462429658,19.58512553142633,19.562739871707677,19.572885551941702,19.58275501339474,19.573985789713475,19.575939094204113,19.566667308433342,19.566667985473345,19.567516450889777,19.569067492628903
9,30.5,1791,0.35,0.1,0.55,20.94007177938592,21.00982292633073,20.9218853997569,20.981063318826408,21.846143757759688,21.849997724851765,21.920569216268824,22.032762604010543,22.035167988467293,22.79911967318859,22.932245832096825,22.79136826390418,22.802743818454132,22.788544851172816,22.72947446128111,22.730221381162504,22.677233956832442,22.677980876713832,22.69767882817091,22.692414922111794,22.69221537537311,22.677962374274195,22.67867138875421,22.64859576096299,22.53773040546014,22.566529418360943,22.568742431724555,22.53285463799681,22.55196133919285,22.569282429005508,22.553950586903753,22.554697506785146,22.542052385573477,22.542056547965206,22.545383891631197,22.551788942336042
10,30.0,1791,0.35,0.15,0.5,20.94007177938592,21.00982292633073,20.9218853997569,20.981063318826408,21.846143757759688,21.849997724851765,21.920569216268824,21.982762604010546,21.985167988467296,22.79911967318859,22.932245832096825,22.79136826390418,22.802743818454132,22.812413933309223,22.72947446128111,22.730221381162504,22.677233956832442,22.677980876713832,22.706321485021803,22.702426271511193,22.70227677175548,22.690609857757256,22.696170955079403,22.662760991843545,22.55502281725684,22.583277307553185,22.585446751615475,22.558923239251058,22.57518800443198,22.585620355347505,22.570579163930404,22.571326083811798,22.557296228380867,22.55730050413962,22.560228330657132,22.564734132277557
11,16.0,1791,0.4,0.2,0.4,20.94007177938592,20.959822926330734,20.56474254261404,20.632674998161825,20.98862138107075,20.99337952587007,21.013046839579886,20.948645493817743,20.966221254761884,21.170588217949575,21.088992391328873,21.085775536661917,21.09016799280694,21.08838858375669,21.091061144889995,21.092329261394887,21.131235716625046,21.132503833129935,21.113103391575343,21.146224648502077,21.148789240849677,21.144863991771732,21.133975805166145,21.126249832265728,20.998576497171076,21.036048981063388,21.038980065925248,21.00666441336664,21.025213226203398,21.02975300496707,21.009593442926572,21.01086155943146,20.99309314205312,20.993062443775717,20.99270663493283,20.994962308943528
12,16.2,1791,0.4,0.15,0.45,20.94007177938592,20.959822926330734,20.56474254261404,20.632674998161825,20.98862138107075,20.99337952587007,21.013046839579886,20.998645493817744,21.01622125476188,21.170588217949575,21.088992391328873,21.085775536661917,21.09016799280694,21.08907253653164,21.091061144889995,21.092329261394887,21.131235716625046,21.132503833129935,21.171840568443113,21.20440301557545,21.206933185352568,21.20299070268624,21.18542239641672,21.18426168318496,21.05662566092971,21.094115451081976,21.097044447577012,21.052367504463017,21.073898549487534,21.087922906631377,21.067756854901745,21.069024971406634,21.05001612629711,21.05001552689911,21.052227933706664,21.05605597979984
13,14.9,1791,0.4,0.1,0.5,20.94007177938592,20.959822926330734,20.56474254261404,20.632674998161825,20.98862138107075,20.99337952587007,21.013046839579886,21.048645493817745,21.06622125476188,21.170588217949575,21.088992391328873,21.085775536661917,21.09016799280694,21.089831164070898,21.091061144889995,21.092329261394887,21.131235716625046,21.132503833129935,21.22949715106572,21.261282904242883,21.263761300678432,21.259831997926966,21.236172559172225,21.240986172566515,21.113745239523812,21.15112863864864,21.15404593721244,21.09781186889483,21.12239334794521,21.145085008923274,21.124979235155518,21.126247351660407,21.108261842896166,21.10826533603829,21.11143255504783,21.11725362675207
14,11.9,1765,0.45,0.15,0.4,20.94007177938592,20.909822926330733,20.286964764836263,20.36377527412301,20.413222129071745,20.414178696158814,20.38764758758088,20.054460603841513,20.065322078118676,19.72877594089279,19.572175547631193,19.71607385136659,19.698154161004652,19.6458863089759,19.675659514186457,19.677612818677098,19.710096513434085,19.712049817924722,19.628468409187256,19.634899524961373,19.63597972871597,19.637447929199624,19.600351819074294,19.62465579735025,19.571551792409938,19.58256806879702,19.589286686137516,19.570970855931808,19.577255256240413,19.6068733133163,19.616106580617256,19.618059885107897,19.591838384016885,19.591885188854075,19.60545744550387,19.613623284956756
15,10.5,1765,0.45,0.1,0.45,20.94007177938592,20.909822926330733,20.286964764836263,20.36377527412301,20.413222129071745,20.414178696158814,20.38764758758088,20.104460603841513,20.115322078118673,19.72877594089279,19.572175547631193,19.71607385136659,19.698154161004652,19.665976541983728,19.675659514186457,19.677612818677098,19.710096513434085,19.712049817924722,19.63875099998131,19.646324715714247,19.647595332247818,19.648867501644048,19.61862486867726,19.63615355614675,19.581277437413878,19.592810358889764,19.59982829217439,19.574762832249018,19.582379921148746,19.617972053250405,19.627560942729733,19.62951424722037,19.61167201549597,19.61168872668384,19.622289645003075,19.633055835435645
16,38.7,1765,0.35,0.1,0.55,20.94007177938592,21.00982292633073,20.9218853997569,20.981063318826408,21.846143757759688,21.849997724851765,21.920569216268824,22.032762604010543,22.035167988467293,22.79911967318859,22.932245832096825,22.79136826390418,22.802743818454132,22.788544851172816,22.72947446128111,22.730221381162504,22.677233956832442,22.677980876713832,22.69767882817091,22.692414922111794,22.69221537537311,22.677962374274195,22.67867138875421,22.65284984408169,22.56219343978876,22.58135307753362,22.592365697627283,22.555346330182637,22.568644811214263,22.623125875298463,22.63604619447687,22.636793114358262,22.62917776356344,22.6292034892464,22.64492680715942,22.665076705316217
17,38.4,1765,0.35,0.15,0.5,20.94007177938592,21.00982292633073,20.9218853997569,20.981063318826408,21.846143757759688,21.849997724851765,21.920569216268824,21.982762604010546,21.985167988467296,22.79911967318859,22.932245832096825,22.79136826390418,22.802743818454132,22.812413933309223,22.72947446128111,22.730221381162504,22.677233956832442,22.677980876713832,22.706321485021803,22.702426271511193,22.70227677175548,22.690609857757256,22.696170955079403,22.666915236811434,22.579025960917413,22.597804182251576,22.608588584198035,22.58186253694715,22.59274396097082,22.63834299124009,22.650968591685253,22.651715511566646,22.62968607362711,22.62976488696917,22.651396385397277,22.668546064901147
18,20.6,1765,0.4,0.2,0.4,20.94007177938592,20.959822926330734,20.56474254261404,20.632674998161825,20.98862138107075,20.99337952587007,21.013046839579886,20.948645493817743,20.966221254761884,21.170588217949575,21.088992391328873,21.085775536661917,21.09016799280694,21.08838858375669,21.091061144889995,21.092329261394887,21.131235716625046,21.132503833129935,21.113103391575343,21.146224648502077,21.148789240849677,21.144863991771732,21.133975805166145,21.132545624395725,21.030328000064504,21.05583014070855,21.070756788548042,21.038511668500917,21.050723546226457,21.10364005529327,21.12216544447644,21.12343356098133,21.06329846829833,21.06352439786395,21.09977062033448,21.117243475941518
19,20.9,1765,0.4,0.15,0.45,20.94007177938592,20.959822926330734,20.56474254261404,20.632674998161825,20.98862138107075,20.99337952587007,21.013046839579886,20.998645493817744,21.01622125476188,21.170588217949575,21.088992391328873,21.085775536661917,21.09016799280694,21.08907253653164,21.091061144889995,21.092329261394887,21.131235716625046,21.132503833129935,21.171840568443113,21.20440301557545,21.206933185352568,21.20299070268624,21.18542239641672,21.190519131105958,21.08839710884858,21.113872841265795,21.128766515969378,21.08285140190492,21.09759941011898,21.161631582244734,21.18006237475965,21.18133049126454,21.13940829689482,21.139515242416252,21.169483748485874,21.19035923757929
20,18.9,1765,0.4,0.1,0.5,20.94007177938592,20.959822926330734,20.56474254261404,20.632674998161825,20.98862138107075,20.99337952587007,21.013046839579886,21.048645493817745,21.06622125476188,21.170588217949575,21.088992391328873,21.085775536661917,21.09016799280694,21.089831164070898,21.091061144889995,21.092329261394887,21.131235716625046,21.132503833129935,21.22949715106572,21.261282904242883,21.263761300678432,21.259831997926966,21.236172559172225,21.2471850341513,21.14543171898114,21.170797592332722,21.1856097851627,21.12679667956933,21.144242548001422,21.21837438320741,21.236651106134488,21.237919222639377,21.21621687552687,21.21625167722191,21.237814735408428,21.26262555914078
21,15.1,1740,0.45,0.15,0.4,20.94007177938592,20.909822926330733,20.286964764836263,20.36377527412301,20.413222129071745,20.414178696158814,20.38764758758088,20.054460603841513,20.065322078118676,19.72877594089279,19.572175547631193,19.71607385136659,19.698154161004652,19.6458863089759,19.675659514186457,19.677612818677098,19.710096513434085,19.712049817924722,19.628468409187256,19.634899524961373,19.63597972871597,19.637447929199624,19.600351819074294,19.62787623253056,19.564402641978536,19.577678240094887,19.581505275142213,19.563959344600978,19.57151503735689,19.59457273050227,19.600341157002656,19.602294461493294,19.581459696051493,19.58149991445042,19.59344139164589,19.600854554847906
22,13.1,1740,0.45,0.1,0.45,20.94007177938592,20.909822926330733,20.286964764836263,20.36377527412301,20.413222129071745,20.414178696158814,20.38764758758088,20.104460603841513,20.115322078118673,19.72877594089279,19.572175547631193,19.71607385136659,19.698154161004652,19.665976541983728,19.675659514186457,19.677612818677098,19.710096513434085,19.712049817924722,19.63875099998131,19.646324715714247,19.647595332247818,19.648867501644048,19.61862486867726,19.639487407381,19.573773600161825,19.587695389526406,19.59169917293986,19.56793002157133,19.5769216402897,19.60517226469211,19.61117863168314,19.613131936173776,19.599674554089273,19.59968940106209,19.609244503726025,19.619197011249412
23,50.3,1740,0.35,0.1,0.55,20.94007177938592,21.00982292633073,20.9218853997569,20.981063318826408,21.846143757759688,21.849997724851765,21.920569216268824,22.032762604010543,22.035167988467293,22.79911967318859,22.932245832096825,22.79136826390418,22.802743818454132,22.788544851172816,22.72947446128111,22.730221381162504,22.677233956832442,22.677980876713832,22.69767882817091,22.692414922111794,22.69221537537311,22.677962374274195,22.67867138875421,22.656974083015342,22.548932448789156,22.573026987341706,22.57956650381143,22.542806468560187,22.55918501485428,22.604813503068453,22.613566972330176,22.614313892211566,22.610931410501983,22.610956623593324,22.62657968201038,22.647161247712003
24,49.5,1740,0.35,0.15,0.5,20.94007177938592,21.00982292633073,20.9218853997569,20.981063318826408,21.846143757759688,21.849997724851765,21.920569216268824,21.982762604010546,21.985167988467296,22.79911967318859,22.932245832096825,22.79136826390418,22.802743818454132,22.812413933309223,22.72947446128111,22.730221381162504,22.677233956832442,22.677980876713832,22.706321485021803,22.702426271511193,22.70227677175548,22.690609857757256,22.696170955079403,22.670941475408682,22.56601790715278,22.589646225433224,22.596054000900146,22.569114544484368,22.58282435072197,22.620430428542104,22.628995322028928,22.62974224191032,22.612327131390455,22.61240215402504,22.633467222592518,22.650756393370166
25,26.7,1740,0.4,0.2,0.4,20.94007177938592,20.959822926330734,20.56474254261404,20.632674998161825,20.98862138107075,20.99337952587007,21.013046839579886,20.948645493817743,20.966221254761884,21.170588217949575,21.088992391328873,21.085775536661917,21.09016799280694,21.08838858375669,21.091061144889995,21.092329261394887,21.131235716625046,21.132503833129935,21.113103391575343,21.146224648502077,21.148789240849677,21.144863991771732,21.133975805166145,21.138688412393563,21.013007362203656,21.044676622022497,21.05342745746159,21.020746205010056,21.03628115862084,21.07793610528152,21.090144514508406,21.0914126310133,21.041260271674407,21.041459822236316,21.074592368094134,21.0912175592018
26,27.4,1740,0.4,0.15,0.45,20.94007177938592,20.959822926330734,20.56474254261404,20.632674998161825,20.98862138107075,20.99337952587007,21.013046839579886,20.998645493817744,21.01622125476188,21.170588217949575,21.088992391328873,21.085775536661917,21.09016799280694,21.08907253653164,21.091061144889995,21.092329261394887,21.131235716625046,21.132503833129935,21.171840568443113,21.20440301557545,21.206933185352568,21.20299070268624,21.18542239641672,21.19662225942882,21.071072863312438,21.102735518086526,21.111474257073116,21.06581191676736,21.08414730934523,21.136025719054775,21.1481923404412,21.149460456946088,21.115618073399553,21.11571602934039,21.1438051436698,21.164020274233884
27,24.0,1740,0.4,0.1,0.5,20.94007177938592,20.959822926330734,20.56474254261404,20.632674998161825,20.98862138107075,20.99337952587007,21.013046839579886,21.048645493817745,21.06622125476188,21.170588217949575,21.088992391328873,21.085775536661917,21.09016799280694,21.089831164070898,21.091061144889995,21.092329261394887,21.131235716625046,21.132503833129935,21.22949715106572,21.261282904242883,21.263761300678432,21.259831997926966,21.236172559172225,21.253228793209367,21.12816095727876,21.15971287332708,21.168410938624017,21.11055809817806,21.13180833263275,21.192949746269328,21.20503500186669,21.20630311837158,21.19120947018466,21.1912423819001,21.211920056123002,21.2363413790279
28,19.5,1714,0.45,0.15,0.4,20.94007177938592,20.909822926330733,20.286964764836263,20.36377527412301,20.413222129071745,20.414178696158814,20.38764758758088,20.054460603841513,20.065322078118676,19.72877594089279,19.572175547631193,19.71607385136659,19.698154161004652,19.6458863089759,19.675659514186457,19.677612818677098,19.710096513434085,19.712049817924722,19.628468409187256,19.634899524961373,19.63597972871597,19.637447929199624,19.600351819074294,19.631312182070868,19.647794062608558,19.648221117609168,19.670952743369597,19.663851337123145,19.6638941063276,19.734574173914655,19.757187968661317,19.759141273151954,19.683708650580122,19.68373897320224,19.691717213202605,19.69591777852381
29,16.6,1714,0.45,0.1,0.45,20.94007177938592,20.909822926330733,20.286964764836263,20.36377527412301,20.413222129071745,20.414178696158814,20.38764758758088,20.104460603841513,20.115322078118673,19.72877594089279,19.572175547631193,19.71607385136659,19.698154161004652,19.665976541983728,19.675659514186457,19.677612818677098,19.710096513434085,19.712049817924722,19.63875099998131,19.646324715714247,19.647595332247818,19.648867501644048,19.61862486867726,19.64304264817904,19.660565360919886,19.661006707486596,19.684466518106852,19.666655094435995,19.666788656805117,19.749606739400495,19.77275691297634,19.77471021746698,19.702984902062962,19.702994299735117,19.708610502314325,19.71374561622609
30,66.6,1714,0.35,0.1,0.55,20.94007177938592,21.00982292633073,20.9218853997569,20.981063318826408,21.846143757759688,21.849997724851765,21.920569216268824,22.032762604010543,22.035167988467293,22.79911967318859,22.932245832096825,22.79136826390418,22.802743818454132,22.788544851172816,22.72947446128111,22.730221381162504,22.677233956832442,22.677980876713832,22.69767882817091,22.692414922111794,22.69221537537311,22.677962374274195,22.67867138875421,22.661298649638283,22.672203588373968,22.672701796080013,22.697833810994975,22.682845068838613,22.68299082631029,22.759259458395878,22.77644001704412,22.777186936925514,22.724787578924065,22.724796283067178,22.729934275402588,22.736109919319485
31,64.9,1714,0.35,0.15,0.5,20.94007177938592,21.00982292633073,20.9218853997569,20.981063318826408,21.846143757759688,21.849997724851765,21.920569216268824,21.982762604010546,21.985167988467296,22.79911967318859,22.932245832096825,22.79136826390418,22.802743818454132,22.812413933309223,22.72947446128111,22.730221381162504,22.677233956832442,22.677980876713832,22.706321485021803,22.702426271511193,22.70227677175548,22.690609857757256,22.696170955079403,22.67516197536048,22.68654420388017,22.68702922579385,22.711468452726788,22.707273601813696,22.707318328845243,22.770678470637048,22.787231689500544,22.787978609381934,22.73225151681531,22.732280242130994,22.73969591342336,22.745081135879566
32,34.8,1714,0.4,0.2,0.4,20.94007177938592,20.959822926330734,20.56474254261404,20.632674998161825,20.98862138107075,20.99337952587007,21.013046839579886,20.948645493817743,20.966221254761884,21.170588217949575,21.088992391328873,21.085775536661917,21.09016799280694,21.08838858375669,21.091061144889995,21.092329261394887,21.131235716625046,21.132503833129935,21.113103391575343,21.146224648502077,21.148789240849677,21.144863991771732,21.133975805166145,21.145171862923668,21.185774305809282,21.18653506030484,21.225736703759242,21.226810650165667,21.226822029645643,21.32021661872735,21.35211788211214,21.35338599861703,21.238163364350076,21.23827943516326,21.254967924935677,21.26201219500502
33,36.4,1714,0.4,0.15,0.45,20.94007177938592,20.959822926330734,20.56474254261404,20.632674998161825,20.98862138107075,20.99337952587007,21.013046839579886,20.998645493817744,21.01622125476188,21.170588217949575,21.088992391328873,21.085775536661917,21.09016799280694,21.08907253653164,21.091061144889995,21.092329261394887,21.131235716625046,21.132503833129935,21.171840568443113,21.20440301557545,21.206933185352568,21.20299070268624,21.18542239641672,21.203061439383195,21.243094006098648,21.243847603463898,21.282633492790787,21.266717730848555,21.26678985645297,21.375818853142153,21.407121089811746,21.408389206316635,21.303634452898798,21.30368300201227,21.316320512512082,21.324250904704463
34,30.8,1714,0.4,0.1,0.5,20.94007177938592,20.959822926330734,20.56474254261404,20.632674998161825,20.98862138107075,20.99337952587007,21.013046839579886,21.048645493817745,21.06622125476188,21.170588217949575,21.088992391328873,21.085775536661917,21.09016799280694,21.089831164070898,21.091061144889995,21.092329261394887,21.131235716625046,21.132503833129935,21.22949715106572,21.261282904242883,21.263761300678432,21.259831997926966,21.236172559172225,21.25960294352389,21.298881821902075,21.29962589483502,21.337874943206106,21.30549647472644,21.30571805313334,21.429501099743096,21.46011005960167,21.46137817610656,21.367172165889432,21.36718634136979,21.375596771435,21.38453776709964
35,3.3,1923,0.394,0.361,0.245,20.94007177938592,20.965822926330734,20.60281360860389,20.66968933661896,21.07421024712088,21.079123393772992,21.104635705630013,20.93672556006993,20.953704920949942,21.37062228167171,21.365715591624905,21.361836643304137,21.34155266023419,21.357775687329962,21.336352932130783,21.33754959109937,21.367254132300523,21.36845079126911,21.18396269021676,21.217187630599984,21.219497118311207,21.215841656934074,21.206682583453436,21.166649969085455,21.074084127397185,21.109676673396272,21.11447113435798,21.126563540814367,21.136058150349243,21.10312848023297,21.08189861239956,21.083095271368148,21.088540165299165,21.087695693731128,21.065959265889948,21.063831551425658
36,1.6,1923,0.539,0.059,0.402,20.94007177938592,20.82082292633073,19.920030112187327,20.013004399257337,19.809296209098246,19.79428004721526,19.69472166760738,20.21664257437524,20.19945608649521,19.348997187232353,19.646849254914443,19.647929683636647,19.68286643342676,19.667223114785635,19.649690780100254,19.653153711313752,19.6728625291006,19.676325460314096,20.015950858875488,19.983285147396504,19.967949876211257,19.912387655453074,19.90785110859972,19.82427341552816,19.696571466329434,19.731741220960007,19.736489724746868,19.68531796278436,19.711060770178307,19.739848305102463,19.71882117796887,19.722284109182368,19.700116478246965,19.70011630649971,19.700183559435846,19.70127910952167
37,1.7,1923,0.615,0.27,0.115,20.94007177938592,20.744822926330734,19.690758802776642,19.79796938886789,19.541268374445394,19.506109780091606,19.35069383295453,20.730144673630868,20.703174711899756,20.402698841423128,20.152192603303643,20.131043998494214,20.08568455410846,20.14581650311109,20.175469522957222,20.180220676948277,20.318467458626312,20.323218612617367,20.386082460552977,20.39152304191366,20.396259920223685,20.389881971519614,20.397128876290786,20.348317488371723,20.272557284561877,20.29872333738299,20.302178775116378,20.29641805715865,20.306352839372867,20.298206986247727,20.282693966285716,20.28744512027677,20.290844665896277,20.290560957177963,20.2744833886684,20.273384467826617
38,3.3,1923,0.474,0.195,0.332,20.94007177938592,20.885822926330732,20.174447183964254,20.2555681600665,20.20739772410803,20.20508603901039,20.157823182617168,19.838562148429148,19.84176621520485,19.309947769819757,19.37495380907588,19.5151104177339,19.499791973526815,19.424481521847564,19.454312025252698,19.45664484843377,19.46797661486569,19.470309438046762,19.428081920571497,19.421756793903484,19.42049749772407,19.413033366032195,19.36343783590778,19.37775392846971,19.33256288042787,19.34526632747269,19.347066457297878,19.33801531169331,19.344508042313844,19.346221317464277,19.338451237996036,19.340784061177107,19.33378572990183,19.333764725244176,19.33191777308871,19.33186321612189
39,3.0,1923,0.453,0.124,0.423,20.94007177938592,20.906822926330733,20.272248061377837,20.349595561350217,20.385345362404863,20.385941087371112,20.356770820913997,20.04867174123783,20.058659596625137,19.66419676873867,19.531778731996535,19.681232092421148,19.659417118709726,19.6155587379475,19.633672146353735,19.63567128736444,19.665320229732416,19.667319370743122,19.591955756777644,19.597284467632313,19.59822766195142,19.599756681288593,19.55628399621147,19.568861135224864,19.5247044842162,19.53871636032489,19.540691129953693,19.522290089284592,19.530711571410503,19.53793777926753,19.529477206821458,19.53147634783216,19.52243842976019,19.522436726360578,19.52237171692396,19.522985256930596
40,3.4,1923,0.434,0.06,0.506,20.94007177938592,20.92582292633073,20.368890008051828,20.44284504646139,20.573429606303055,20.57606769981207,20.563855064812188,20.365690629346798,20.38054401834439,20.124407198738435,19.879789082731843,19.967724323865763,19.986226187474127,19.980221223892197,19.980368868539102,19.982086246120907,20.02788632980255,20.029603707384354,19.987302959716498,20.007610388515328,20.010288716080492,20.00831276949179,20.039405422841142,19.968123531449685,19.900287446291692,19.924766853028434,19.92813158359599,19.88386879372444,19.901226483499794,19.9210765868818,19.906446445244445,19.908163822826253,19.89407336397798,19.894073768883196,19.895002665485062,19.897947161827695
41,4.7,1873,0.394,0.361,0.245,20.94007177938592,20.965822926330734,20.60281360860389,20.66968933661896,21.07421024712088,21.079123393772992,21.104635705630013,20.93672556006993,20.953704920949942,21.37062228167171,21.365715591624905,21.361836643304137,21.34155266023419,21.357775687329962,21.336352932130783,21.33754959109937,21.367254132300523,21.36845079126911,21.18396269021676,21.217187630599984,21.219497118311207,21.215841656934074,21.206682583453436,21.177978703794135,21.10670889382621,21.130470464235554,21.147134573039473,21.163693880930698,21.16871181628006,21.127015942397747,21.1029120836649,21.10410874263349,21.127012955424956,21.125801271312742,21.087865084448357,21.081264451744445
42,2.1,1873,0.539,0.059,0.402,20.94007177938592,20.82082292633073,19.920030112187327,20.013004399257337,19.809296209098246,19.79428004721526,19.69472166760738,20.21664257437524,20.19945608649521,19.348997187232353,19.646849254914443,19.647929683636647,19.68286643342676,19.667223114785635,19.649690780100254,19.653153711313752,19.6728625291006,19.676325460314096,20.015950858875488,19.983285147396504,19.967949876211257,19.912387655453074,19.90785110859972,19.835596621316544,19.72880319532918,19.752354548599968,19.76890939467708,19.714007797256468,19.73250369696333,19.763560895487416,19.739633750211404,19.743096681424902,19.713188269874017,19.71318599527743,19.7095832658703,19.705931558398028
43,2.3,1873,0.615,0.27,0.115,20.94007177938592,20.744822926330734,19.690758802776642,19.79796938886789,19.541268374445394,19.506109780091606,19.35069383295453,20.730144673630868,20.703174711899756,20.402698841423128,20.152192603303643,20.131043998494214,20.08568455410846,20.14581650311109,20.175469522957222,20.180220676948277,20.318467458626312,20.323218612617367,20.386082460552977,20.39152304191366,20.396259920223685,20.389881971519614,20.397128876290786,20.355876220712556,20.296576188864396,20.313590988075898,20.325283223777685,20.321376994924886,20.327103017904005,20.3152745950256,20.298050497443498,20.30280165143455,20.319672675036003,20.319296581439957,20.294861419446782,20.292739129478235
44,4.4,1873,0.474,0.195,0.332,20.94007177938592,20.885822926330732,20.174447183964254,20.2555681600665,20.20739772410803,20.20508603901039,20.157823182617168,19.838562148429148,19.84176621520485,19.309947769819757,19.37495380907588,19.5151104177339,19.499791973526815,19.424481521847564,19.454312025252698,19.45664484843377,19.46797661486569,19.470309438046762,19.428081920571497,19.421756793903484,19.42049749772407,19.413033366032195,19.36343783590778,19.382860397284915,19.344162609916655,19.353226070694934,19.359890988131728,19.35026668579243,19.35475629745493,19.35545675680999,19.346140036271795,19.34847285945287,19.342808923568338,19.342761162529246,19.33688306294097,19.33553230207126
45,4.3,1873,0.453,0.124,0.423,20.94007177938592,20.906822926330733,20.272248061377837,20.349595561350217,20.385345362404863,20.385941087371112,20.356770820913997,20.04867174123783,20.058659596625137,19.66419676873867,19.531778731996535,19.681232092421148,19.659417118709726,19.6155587379475,19.633672146353735,19.63567128736444,19.665320229732416,19.667319370743122,19.591955756777644,19.597284467632313,19.59822766195142,19.599756681288593,19.55628399621147,19.574256057961144,19.537504349021084,19.547430761503463,19.554695279572062,19.534274246945976,19.540402574561288,19.54794207717529,19.537849493948855,19.539848634959558,19.528482960398662,19.52847374039396,19.525478447996274,19.52404565600412
46,4.5,1873,0.434,0.06,0.506,20.94007177938592,20.92582292633073,20.368890008051828,20.44284504646139,20.573429606303055,20.57606769981207,20.563855064812188,20.365690629346798,20.38054401834439,20.124407198738435,19.879789082731843,19.967724323865763,19.986226187474127,19.980221223892197,19.980368868539102,19.982086246120907,20.02788632980255,20.029603707384354,19.987302959716498,20.007610388515328,20.010288716080492,20.00831276949179,20.039405422841142,19.97657100994609,19.9226920702196,19.93947517808632,19.951478706675363,19.903309685954326,19.916070255599546,19.937911798924556,19.920925883623323,19.922643261205128,19.89852701742017,19.898525823667345,19.89675099434683,19.894591135098857
47,7.4,1823,0.394,0.361,0.245,20.94007177938592,20.965822926330734,20.60281360860389,20.66968933661896,21.07421024712088,21.079123393772992,21.104635705630013,20.93672556006993,20.953704920949942,21.37062228167171,21.365715591624905,21.361836643304137,21.34155266023419,21.357775687329962,21.336352932130783,21.33754959109937,21.367254132300523,21.36845079126911,21.18396269021676,21.217187630599984,21.219497118311207,21.215841656934074,21.206682583453436,21.1896266357725,21.154766222642987,21.16624772724888,21.19517037933363,21.222258757012657,21.22347358765105,21.17203876252389,21.146978073941618,21.148174732910206,21.18272238012281,21.181413099025093,21.1356540294631,21.126070587211224
48,2.8,1823,0.539,0.059,0.402,20.94007177938592,20.82082292633073,19.920030112187327,20.013004399257337,19.809296209098246,19.79428004721526,19.69472166760738,20.21664257437524,20.19945608649521,19.348997187232353,19.646849254914443,19.647929683636647,19.68286643342676,19.667223114785635,19.649690780100254,19.653153711313752,19.6728625291006,19.676325460314096,20.015950858875488,19.983285147396504,19.967949876211257,19.912387655453074,19.90785110859972,19.847249250300987,19.776501506834578,19.787935962277082,19.816806386576555,19.76280373834835,19.7722888892442,19.808407147197407,19.783420068445295,19.786882999658793,19.754618700079117,19.75461487443338,19.748261460816867,19.740955477495948
49,3.3,1823,0.615,0.27,0.115,20.94007177938592,20.744822926330734,19.690758802776642,19.79796938886789,19.541268374445394,19.506109780091606,19.35069383295453,20.730144673630868,20.703174711899756,20.402698841423128,20.152192603303643,20.131043998494214,20.08568455410846,20.14581650311109,20.175469522957222,20.180220676948277,20.318467458626312,20.323218612617367,20.386082460552977,20.39152304191366,20.396259920223685,20.389881971519614,20.397128876290786,20.363550942889884,20.330571776848064,20.338449892044302,20.357877910654025,20.35965266577371,20.36146163232548,20.346330217291356,20.32922345591898,20.333974609910033,20.357903039824926,20.357529778065775,20.33112061932183,20.32854800207776
50,6.1,1823,0.474,0.195,0.332,20.94007177938592,20.885822926330732,20.174447183964254,20.2555681600665,20.20739772410803,20.20508603901039,20.157823182617168,19.838562148429148,19.84176621520485,19.309947769819757,19.37495380907588,19.5151104177339,19.499791973526815,19.424481521847564,19.454312025252698,19.45664484843377,19.46797661486569,19.470309438046762,19.428081920571497,19.421756793903484,19.42049749772407,19.413033366032195,19.36343783590778,19.388232374714555,19.363028251652587,19.36784869670585,19.380527879013346,19.37245355402649,19.374475237758652,19.374279518156925,19.36357407582199,19.36590689900306,19.362279705660264,19.362209334273132,19.35273268745414,19.35018259591824
51,6.2,1823,0.453,0.124,0.423,20.94007177938592,20.906822926330733,20.272248061377837,20.349595561350217,20.385345362404863,20.385941087371112,20.356770820913997,20.04867174123783,20.058659596625137,19.66419676873867,19.531778731996535,19.681232092421148,19.659417118709726,19.6155587379475,19.633672146353735,19.63567128736444,19.665320229732416,19.667319370743122,19.591955756777644,19.597284467632313,19.59822766195142,19.599756681288593,19.55628399621147,19.579922944176147,19.55810560306672,19.563335033949475,19.57703476486456,19.556142548856897,19.559266678608537,19.568190777882634,19.556695366330665,19.558694507341368,19.54626200284762,19.54624603588287,19.540598008057746,19.537325688477257
52,6.2,1823,0.434,0.06,0.506,20.94007177938592,20.92582292633073,20.368890008051828,20.44284504646139,20.573429606303055,20.57606769981207,20.563855064812188,20.365690629346798,20.38054401834439,20.124407198738435,19.879789082731843,19.967724323865763,19.986226187474127,19.980221223892197,19.980368868539102,19.982086246120907,20.02788632980255,20.029603707384354,19.987302959716498,20.007610388515328,20.010288716080492,20.00831276949179,20.039405422841142,19.98534912018421,19.957040192684484,19.96548327664886,19.987157466242085,19.937578136433704,19.94437795949396,19.97071640926098,19.952283521333932,19.954000898915737,19.923831674014618,19.923829161147477,19.91982175744965,19.913482908238663
53,11.5,1773,0.394,0.361,0.245,20.94007177938592,20.965822926330734,20.60281360860389,20.66968933661896,21.07421024712088,21.079123393772992,21.104635705630013,20.93672556006993,20.953704920949942,21.37062228167171,21.365715591624905,21.361836643304137,21.34155266023419,21.357775687329962,21.336352932130783,21.33754959109937,21.367254132300523,21.36845079126911,21.18396269021676,21.217187630599984,21.219497118311207,21.215841656934074,21.206682583453436,21.201608522572887,21.21479046216622,21.217972255107572,21.255036454966426,21.299136944476544,21.299146553654314,21.23796897090717,21.21094133286489,21.21213799183348,21.252869020763825,21.25183814493535,21.212955035603734,21.20385238505548
54,3.9,1773,0.539,0.059,0.402,20.94007177938592,20.82082292633073,19.920030112187327,20.013004399257337,19.809296209098246,19.79428004721526,19.69472166760738,20.21664257437524,20.19945608649521,19.348997187232353,19.646849254914443,19.647929683636647,19.68286643342676,19.667223114785635,19.649690780100254,19.653153711313752,19.6728625291006,19.676325460314096,20.015950858875488,19.983285147396504,19.967949876211257,19.912387655453074,19.90785110859972,19.859246968691895,19.8364452079932,19.839634178656347,19.87686750441,19.832655435934914,19.83513796687379,19.874440588881285,19.847318421690584,19.850781352904082,19.83217924508568,19.832175308625803,19.825497591056813,19.817423580637293
55,5.0,1773,0.615,0.27,0.115,20.94007177938592,20.744822926330734,19.690758802776642,19.79796938886789,19.541268374445394,19.506109780091606,19.35069383295453,20.730144673630868,20.703174711899756,20.402698841423128,20.152192603303643,20.131043998494214,20.08568455410846,20.14581650311109,20.175469522957222,20.180220676948277,20.318467458626312,20.323218612617367,20.386082460552977,20.39152304191366,20.396259920223685,20.389881971519614,20.397128876290786,20.37134294558519,20.370716063457337,20.372771965514936,20.396182333907177,20.40744061021143,20.407548586701044,20.389175325193065,20.371991067684323,20.37674222167538,20.401602988583015,20.40133609641208,20.381382489799602,20.37929857128235
56,9.2,1773,0.474,0.195,0.332,20.94007177938592,20.885822926330732,20.174447183964254,20.2555681600665,20.20739772410803,20.20508603901039,20.157823182617168,19.838562148429148,19.84176621520485,19.309947769819757,19.37495380907588,19.5151104177339,19.499791973526815,19.424481521847564,19.454312025252698,19.45664484843377,19.46797661486569,19.470309438046762,19.428081920571497,19.421756793903484,19.42049749772407,19.413033366032195,19.36343783590778,19.393887242750537,19.38956708883585,19.391066454611664,19.40922396227502,19.40717331278196,19.40748137891359,19.405190618268996,19.392035750899872,19.394368574080943,19.396572877520214,19.396499230348336,19.385950816316498,19.38284622120841
57,9.2,1773,0.453,0.124,0.423,20.94007177938592,20.906822926330733,20.272248061377837,20.349595561350217,20.385345362404863,20.385941087371112,20.356770820913997,20.04867174123783,20.058659596625137,19.66419676873867,19.531778731996535,19.681232092421148,19.659417118709726,19.6155587379475,19.633672146353735,19.63567128736444,19.665320229732416,19.667319370743122,19.591955756777644,19.597284467632313,19.59822766195142,19.599756681288593,19.55628399621147,19.58587940406768,19.586758341305536,19.58836808452966,19.607798832043915,19.59068867384268,19.591398844323685,19.601135142846193,19.5871546665688,19.589153807579503,19.58214120956821,19.582122800397414,19.57531589184155,19.571043384499664
58,8.6,1773,0.434,0.06,0.506,20.94007177938592,20.92582292633073,20.368890008051828,20.44284504646139,20.573429606303055,20.57606769981207,20.563855064812188,20.365690629346798,20.38054401834439,20.124407198738435,19.879789082731843,19.967724323865763,19.986226187474127,19.980221223892197,19.980368868539102,19.982086246120907,20.02788632980255,20.029603707384354,19.987302959716498,20.007610388515328,20.010288716080492,20.00831276949179,20.039405422841142,19.994477036902193,20.002191805146833,20.00465524499267,20.03387456018798,19.98922563814965,19.991100955979302,20.021293305178432,20.00019330124476,20.001910678826565,19.979838688103044,19.97983570323352,19.974959789924235,19.966678699321424
59,4.96,1773,0.508,0.124,0.368,20.94007177938592,20.851822926330733,20.033246479621916,20.120533490909764,19.974265216989725,19.965945548543885,19.89069067549886,19.939975976511285,19.931665324118573,19.128782735548583,19.43840486010811,19.48406861993087,19.52392516852764,19.4799998193866,19.46964870418016,19.472560344794086,19.47378598721765,19.476697627831577,19.56600322134582,19.539523981305233,19.531100094769652,19.486994249291776,19.525179817970884,19.445737622783138,19.42974978948604,19.432281122921665,19.462272407553442,19.443056289586604,19.444173340845538,19.45934492831681,19.437475467175766,19.44038710778969,19.434661850105783,19.43463163289782,19.423368363572337,19.41769326585606
60,7.53,1773,0.463,0.159,0.378,20.94007177938592,20.89682292633073,20.224569756436935,20.303710941595295,20.296984553288084,20.29627755167865,20.258410011797217,19.929410198602596,19.936284231264843,19.473432436369205,19.43166437386581,19.58645171218049,19.560860919604643,19.498957069124415,19.52482069914122,19.52697604063703,19.547304057682766,19.54945939917858,19.484629521033103,19.484354244696554,19.48437021507206,19.484202338153914,19.420274948018626,19.469040616671286,19.4674779013149,19.468904831415024,19.4862260527984,19.477380105522872,19.477826444369914,19.481277080217616,19.46878802822204,19.470943369717855,19.468551713300958,19.468515568132755,19.460563628722024,19.457234735728825
61,11.6,1773,0.416,0.196,0.388,20.94007177938592,20.943822926330732,20.468588696460195,20.539347864661877,20.779355703685066,20.78337258401009,20.7877811621942,20.577204581620034,20.594685574306293,20.65312070879841,20.42935320758621,20.444755486702153,20.490234481198385,20.462073906654172,20.49551440435126,20.4969847234504,20.54775076397815,20.54922108307729,20.456708698222982,20.486373515265704,20.489325705579255,20.485793374509523,20.522192345234213,20.471993509907385,20.483940811131777,20.486918503251037,20.521929747473024,20.509925737737596,20.510498026810634,20.505858539788857,20.480468529557886,20.481938848657027,20.483026422560393,20.482884261598468,20.462445421962315,20.454622435769625
62,19.0,1773,0.366,0.235,0.399,20.94007177938592,20.993822926330733,20.796982979772512,20.85894995253916,21.532991369480435,21.537692711956694,21.59141682798957,21.698554248636817,21.708043798178593,22.299919131524067,22.59188960124527,22.46214881059777,22.46599398025775,22.515980528861324,22.40962268414813,22.410518011755546,22.376203231868583,22.377098559476,22.34328122517245,22.352137608342492,22.352522953336596,22.35123520363212,22.347187280626468,22.333610476473964,22.334781556267092,22.336937711999308,22.36153851588469,22.364963739062,22.365182875353362,22.353439847225467,22.335370668056534,22.33626599566395,22.33953009651916,22.339352000611527,22.321659429487738,22.31510987452382
63,4.01,1773,0.539,0.059,0.402,20.94007177938592,20.82082292633073,19.920030112187327,20.013004399257337,19.809296209098246,19.79428004721526,19.69472166760738,20.21664257437524,20.19945608649521,19.348997187232353,19.646849254914443,19.647929683636647,19.68286643342676,19.667223114785635,19.649690780100254,19.653153711313752,19.6728625291006,19.676325460314096,20.015950858875488,19.983285147396504,19.967949876211257,19.912387655453074,19.90785110859972,19.859246968691895,19.8364452079932,19.839634178656347,19.87686750441,19.832655435934914,19.83513796687379,19.874440588881285,19.847318421690584,19.850781352904082,19.83217924508568,19.832175308625803,19.825497591056813,19.817423580637293
64,5.16,1773,0.497,0.091,0.412,20.94007177938592,20.862822926330733,20.076814977221687,20.16209916299389,20.043067449853446,20.036855745969376,19.97049290836258,19.93379810598882,19.929115873648016,19.134141548034858,19.389055569104972,19.4647594707009,19.490239134902144,19.45173442997871,19.435046012711886,19.437766220115904,19.43880480154068,19.441525008944698,19.436461894729288,19.418164117445315,19.41309847870895,19.38438970047111,19.397005757827706,19.352958578010515,19.342198262937234,19.34425153529993,19.36878318624686,19.344918958306714,19.346144891813307,19.365425455474462,19.34755533266655,19.350275540070566,19.339441190347614,19.33943187578937,19.33290595471337,19.327599034125388
65,8.32,1773,0.453,0.125,0.423,20.94007177938592,20.906822926330733,20.272248061377837,20.349595561350217,20.385345362404863,20.385941087371112,20.356770820913997,20.04867174123783,20.058659596625137,19.66419676873867,19.531778731996535,19.681232092421148,19.659417118709726,19.6155587379475,19.633672146353735,19.63567128736444,19.665320229732416,19.667319370743122,19.591955756777644,19.597284467632313,19.59822766195142,19.599756681288593,19.55628399621147,19.58587940406768,19.586758341305536,19.58836808452966,19.607798832043915,19.590860300224378,19.591563815668884,19.601135142846193,19.5871546665688,19.589153807579503,19.58219920887498,19.58218033988929,19.57531839499328,19.571043384499664
66,14.3,1773,0.407,0.16,0.434,20.94007177938592,20.952822926330732,20.521744999616498,20.590912553023564,20.89379673060811,20.898288422956238,20.911222189117243,20.819896523666564,20.83772177025153,20.940477368216825,20.783506157363448,20.78269243653227,20.812609004246355,20.80288945234528,20.81746607467514,20.818820587622493,20.865147560578297,20.866502073525655,20.859608792755402,20.893081471588648,20.895985440616897,20.891911897651813,20.90006781489475,20.877931128924477,20.891384652809776,20.894568738792145,20.93176732950985,20.90652974528259,20.907476383743695,20.914493684404338,20.887415298972776,20.88876981192013,20.88033871155865,20.880258359278763,20.862527207467068,20.853079327897504
67,27.1,1773,0.358,0.197,0.445,20.94007177938592,21.001822926330732,20.858038631999516,20.918609679464485,21.6844132772123,21.688759197609127,21.750838735721434,21.85975716419145,21.865873359561053,22.553912499055652,22.816638773940724,22.655495054020896,22.68102221338058,22.7161555119714,22.612194489793513,22.6130134681197,22.564545284756374,22.565364263082557,22.54916406607921,22.55147491260036,22.55155470227214,22.548076232256754,22.5618644830774,22.528152887836427,22.525724020388918,22.527734212599782,22.550602374052414,22.547303980045196,22.547665586379733,22.544480314973534,22.52771421925186,22.528533197578042,22.52518825831725,22.525092343319475,22.511233705869607,22.50456652321317
68,4.88,1773,0.487,0.059,0.454,20.94007177938592,20.872822926330734,20.11813063296312,20.20160071980756,20.110927156097112,20.106498372807373,20.048352614606245,19.95270165330948,19.95143413776082,19.182734965066583,19.364977639376,19.470834397469837,19.478349307432048,19.4508479851357,19.425508103296462,19.42805746152176,19.431897731899756,19.434447090125055,19.382942543877437,19.37211983236957,19.369495194875245,19.35457365704957,19.328802531153105,19.33120532760053,19.3246211544679,19.3262963484403,19.34648143670228,19.320422178008073,19.321708619268424,19.34276046311463,19.32809508725527,19.33064444548057,19.317132534167545,19.31713056225233,19.313805155217267,19.308959590937935
69,8.54,1773,0.443,0.091,0.465,20.94007177938592,20.91682292633073,20.322078885729166,20.39763838425222,20.480858551377786,20.48260180168124,20.46228400988692,20.198548136142026,20.21130874382124,19.89173826278549,19.686927759630972,19.811074369716106,19.8066602687108,19.78218330016415,19.79174546749537,19.793593748566526,19.8324423483054,19.834290629376557,19.762087545304507,19.77446112313674,19.77632344424755,19.776470419508907,19.774311676328363,19.76271001429502,19.766766334192614,19.768768228191487,19.792710423888217,19.76350396897262,19.764685465833253,19.783288597759988,19.76604499020734,19.7678932712785,19.75449392929226,19.754485215864765,19.748387587051297,19.742374973999425
70,15.0,1773,0.398,0.125,0.477,20.94007177938592,20.961822926330733,20.57730535668439,20.644885373650695,21.016697442170308,21.021514854565318,21.043122900679442,21.073126785102993,21.09054367628828,21.237054414331567,21.180029851995005,21.17680250755175,21.1728587087677,21.17348251159599,21.171997437141233,21.17324146686674,21.209367616526123,21.210611646251632,21.28649592685741,21.317805659770592,21.320165919141758,21.31634067134298,21.289856219185722,21.30169146344555,21.313812059162895,21.31691537214127,21.352946147494222,21.31748130295574,21.318820179527346,21.336693626805168,21.310369573494828,21.311613603220334,21.294583683740882,21.294547223587408,21.281117712712234,21.270794491694804
71,26.3,1773,0.35,0.16,0.49,20.94007177938592,21.00982292633073,20.9218853997569,20.981063318826408,21.846143757759688,21.849997724851765,21.920569216268824,21.972762604010544,21.975167988467295,22.79911967318859,22.932245832096825,22.79136826390418,22.802743818454132,22.816938837225944,22.72947446128111,22.730221381162504,22.677233956832442,22.677980876713832,22.707722805176928,22.704093583830286,22.703953737757626,22.69276566862796,22.699196981592884,22.668061516037316,22.661713641302676,22.663820902949027,22.68784090798902,22.677810518179015,22.678419546580884,22.682911781423336,22.665359076252305,22.666105996133698,22.65631701154346,22.656264342792518,22.644538174027282,22.636926906018356
72,8.23,1773,0.434,0.06,0.506,20.94007177938592,20.92582292633073,20.368890008051828,20.44284504646139,20.573429606303055,20.57606769981207,20.563855064812188,20.365690629346798,20.38054401834439,20.124407198738435,19.879789082731843,19.967724323865763,19.986226187474127,19.980221223892197,19.980368868539102,19.982086246120907,20.02788632980255,20.029603707384354,19.987302959716498,20.007610388515328,20.010288716080492,20.00831276949179,20.039405422841142,19.994477036902193,20.002191805146833,20.00465524499267,20.03387456018798,19.98922563814965,19.991100955979302,20.021293305178432,20.00019330124476,20.001910678826565,19.979838688103044,19.97983570323352,19.974959789924235,19.966678699321424
73,14.3,1773,0.389,0.092,0.519,20.94007177938592,20.970822926330733,20.63543663001764,20.70143308843786,21.148734930971568,21.153724490739833,21.184160389480702,21.330208137706563,21.34641326729858,21.538270076128768,21.601861911167678,21.593226987611402,21.55627292283932,21.556555704449774,21.54415488467653,21.545293842466084,21.56545551724351,21.566594475033064,21.685571309143704,21.709557496798972,21.711123314263453,21.708223626760798,21.66817449447324,21.692574587332594,21.701061166002855,21.703846437345483,21.735974646040315,21.695686904601743,21.697334395223898,21.722510554737934,21.698963390785536,21.70010234857509,21.677250912788892,21.677238126060338,21.66841418815429,21.65811076585091
74,30.2,1773,0.342,0.125,0.532,20.94007177938592,21.017822926330734,20.988719150801174,21.046506670388215,22.0189792349244,22.022201825223227,22.101404693433537,22.02431865055635,22.022870399947845,23.034338863073124,22.92016189844468,22.843740110013584,22.815174510013335,22.810847762037074,22.749987913702913,22.750667016913496,22.70756711895926,22.70824622216984,22.81535133757559,22.804519275292215,22.804171805800177,22.778157652405042,22.757954487698584,22.745459807755495,22.734129485768413,22.736552636169655,22.764333569854404,22.745478009231377,22.746511405164583,22.760219249509362,22.73997368248089,22.740652785691474,22.722874181621133,22.72284610127801,22.712473315395115,22.70310491041556
75,15.1,1773,0.381,0.06,0.559,20.94007177938592,20.978822926330732,20.68941445862454,20.754006568268984,21.274370276245353,21.279380345255653,21.31779573475449,21.556495052819304,21.570935637153404,21.806362766106915,21.977272462621066,21.943783910696084,21.898570965770578,21.88738610947516,21.87242688022087,21.873477029432003,21.87552973309325,21.876579882304377,21.98755753050252,22.0031604929943,22.004053456330308,22.002286469117983,21.975974556555457,21.98568726201517,21.990163664485152,21.99258505706113,22.020344998834645,21.978559389543484,21.98045433877149,22.0099154513036,21.98953153991505,21.990581689126177,21.964452190826808,21.964449162314416,21.95947799384871,21.949684566644034
76,28.6,1773,0.335,0.092,0.573,20.94007177938592,21.02482292633073,21.049817169479713,21.10639027492283,22.180003438864755,22.182556978185243,22.26942889737389,22.018351949863423,22.013605193047045,23.231458914784923,22.80531152388656,22.782506900029233,22.73689661785366,22.72354417734272,22.69169471612664,22.692317909166757,22.672328968772806,22.672952161812926,22.848091999944145,22.829018602930102,22.828483048958585,22.784527005531004,22.745656776476938,22.742800887941595,22.726267350399205,22.729063342191797,22.761321185191285,22.73115349437878,22.732796618416373,22.757903601257357,22.734421277353093,22.735044470393213,22.707509325228596,22.707496829804896,22.698882000209412,22.68746829920947
77,17.1,1773,0.373,0.029,0.597,20.94007177938592,20.98682292633073,20.745707690067125,20.808898445562626,21.408379182677294,21.41328183809876,21.459804641186427,21.76638521966813,21.778435276516195,22.071813283246005,22.327976897215848,22.246272241265903,22.220548239520415,22.188788040182512,22.178165327194467,22.17913100653,22.16130726370289,22.16227294303842,22.228457369802072,22.236449654017022,22.236846487524158,22.235437286917424,22.234427042149157,22.217621666925453,22.21835014699088,22.220477519469135,22.24473636348325,22.20254750034833,22.20468568943552,22.23692238569374,22.21910604235251,22.220071721688043,22.191940017092765,22.19193972192567,22.189847259455973,22.180620958594663
78,32.6,1773,0.328,0.06,0.612,20.94007177938592,21.031822926330733,21.113523030418918,21.16888371421776,22.350833427492343,22.35260715228754,22.447258886001478,21.95447183235263,21.946693200202965,23.420422180248067,22.613735690283306,22.61015233137705,22.59336464761313,22.587035437159393,22.58056927063059,22.581139700109915,22.59785659558311,22.59842702506244,22.81152307366161,22.78403400935054,22.7833584098646,22.722228727192125,22.689480322472416,22.672502139408042,22.651494441667477,22.654595022316286,22.690591251180972,22.64768361474912,22.650080911420122,22.687818358247185,22.661613577411103,22.662184006890428,22.624431339043205,22.624427638469022,22.61836813186191,22.605247439008565
79,7.6,1723,0.508,0.124,0.368,20.94007177938592,20.851822926330733,20.033246479621916,20.120533490909764,19.974265216989725,19.965945548543885,19.89069067549886,19.939975976511285,19.931665324118573,19.128782735548583,19.43840486010811,19.48406861993087,19.52392516852764,19.4799998193866,19.46964870418016,19.472560344794086,19.47378598721765,19.476697627831577,19.56600322134582,19.539523981305233,19.531100094769652,19.486994249291776,19.525179817970884,19.45572435332365,19.484920263105135,19.485080657573423,19.5189976905415,19.515470050374233,19.515472970273848,19.528758657802022,19.502752830383358,19.505664470997285,19.52133764106905,19.521322427863304,19.515513842625175,19.512472156489366
80,11.9,1723,0.463,0.159,0.378,20.94007177938592,20.89682292633073,20.224569756436935,20.303710941595295,20.296984553288084,20.29627755167865,20.258410011797217,19.929410198602596,19.936284231264843,19.473432436369205,19.43166437386581,19.58645171218049,19.560860919604643,19.498957069124415,19.52482069914122,19.52697604063703,19.547304057682766,19.54945939917858,19.484629521033103,19.484354244696554,19.48437021507206,19.484202338153914,19.420274948018626,19.4746566026741,19.499788849667958,19.499886318171384,19.52092451352447,19.521666966588914,19.521666968386175,19.523423076869268,19.507209957860415,19.50936529935623,19.519499949034557,19.5194797720003,19.51487172870089,19.512829518640416
81,18.9,1723,0.416,0.196,0.388,20.94007177938592,20.943822926330732,20.468588696460195,20.539347864661877,20.779355703685066,20.78337258401009,20.7877811621942,20.577204581620034,20.594685574306293,20.65312070879841,20.42935320758621,20.444755486702153,20.490234481198385,20.462073906654172,20.49551440435126,20.4969847234504,20.54775076397815,20.54922108307729,20.456708698222982,20.486373515265704,20.489325705579255,20.485793374509523,20.522192345234213,20.483489753827712,20.5480560437485,20.548240156990243,20.586896126243943,20.594359226085288,20.59435716033838,20.584920304598395,20.55555757200855,20.55702789110769,20.579382064890016,20.579314278294774,20.56923228762365,20.565170269674383
82,31.4,1723,0.366,0.235,0.399,20.94007177938592,20.993822926330733,20.796982979772512,20.85894995253916,21.532991369480435,21.537692711956694,21.59141682798957,21.698554248636817,21.708043798178593,22.299919131524067,22.59188960124527,22.46214881059777,22.46599398025775,22.515980528861324,22.40962268414813,22.410518011755546,22.376203231868583,22.377098559476,22.34328122517245,22.352137608342492,22.352522953336596,22.35123520363212,22.347187280626468,22.341935749772475,22.379015950965105,22.37913650321766,22.403654496276793,22.418805422360013,22.418792868079912,22.405165489692248,22.3867365520771,22.387631879684516,22.40269459177559,22.402622522883185,22.395244806703694,22.392381986012257
83,5.23,1723,0.539,0.059,0.402,20.94007177938592,20.82082292633073,19.920030112187327,20.013004399257337,19.809296209098246,19.79428004721526,19.69472166760738,20.21664257437524,20.19945608649521,19.348997187232353,19.646849254914443,19.647929683636647,19.68286643342676,19.667223114785635,19.649690780100254,19.653153711313752,19.6728625291006,19.676325460314096,20.015950858875488,19.983285147396504,19.967949876211257,19.912387655453074,19.90785110859972,19.871606514799588,19.90434471973581,19.90453744129017,19.94472405978472,19.919012793483997,19.919077924897,19.957247340531573,19.926777558080463,19.93024048929396,19.943093910364315,19.943092004471662,19.939823463814996,19.935769975773848
84,8.22,1723,0.497,0.091,0.412,20.94007177938592,20.862822926330733,20.076814977221687,20.16209916299389,20.043067449853446,20.036855745969376,19.97049290836258,19.93379810598882,19.929115873648016,19.134141548034858,19.389055569104972,19.4647594707009,19.490239134902144,19.45173442997871,19.435046012711886,19.437766220115904,19.43880480154068,19.441525008944698,19.436461894729288,19.418164117445315,19.41309847870895,19.38438970047111,19.397005757827706,19.3611099816216,19.387546052633482,19.387679630581662,19.4161366735284,19.403881940297133,19.403897302101814,19.423370727396453,19.4014546120107,19.404174819414717,19.413987292275102,19.413982247409674,19.41037650825067,19.407329658880535
85,13.7,1723,0.453,0.125,0.423,20.94007177938592,20.906822926330733,20.272248061377837,20.349595561350217,20.385345362404863,20.385941087371112,20.356770820913997,20.04867174123783,20.058659596625137,19.66419676873867,19.531778731996535,19.681232092421148,19.659417118709726,19.6155587379475,19.633672146353735,19.63567128736444,19.665320229732416,19.667319370743122,19.591955756777644,19.597284467632313,19.59822766195142,19.599756681288593,19.55628399621147,19.592144570008998,19.62288896446874,19.622997057173905,19.646223690794837,19.638741950863242,19.638743800702578,19.64769093579006,19.629880399927277,19.63187954093798,19.640790097965954,19.640779436942484,19.63678644175374,19.634168025537956
86,21.7,1723,0.407,0.16,0.434,20.94007177938592,20.952822926330732,20.521744999616498,20.590912553023564,20.89379673060811,20.898288422956238,20.911222189117243,20.819896523666564,20.83772177025153,20.940477368216825,20.783506157363448,20.78269243653227,20.812609004246355,20.80288945234528,20.81746607467514,20.818820587622493,20.865147560578297,20.866502073525655,20.859608792755402,20.893081471588648,20.895985440616897,20.891911897651813,20.90006781489475,20.890256082069698,20.95924523359969,20.959438038960883,20.999666218798424,20.99448515102167,20.99448515236538,20.99736933301625,20.966838637139038,20.968193150086396,20.987038070013305,20.986999922828673,20.97834181269856,20.973505949419284
87,39.5,1723,0.358,0.197,0.445,20.94007177938592,21.001822926330732,20.858038631999516,20.918609679464485,21.6844132772123,21.688759197609127,21.750838735721434,21.85975716419145,21.865873359561053,22.553912499055652,22.816638773940724,22.655495054020896,22.68102221338058,22.7161555119714,22.612194489793513,22.6130134681197,22.564545284756374,22.565364263082557,22.54916406607921,22.55147491260036,22.55155470227214,22.548076232256754,22.5618644830774,22.535857550457393,22.56676761064235,22.566878858634944,22.589426008968992,22.597460600468686,22.5974593618325,22.592047067541102,22.57518012346341,22.5759991017896,22.587222509834305,22.587183534171515,22.58139490568842,22.578478500179813
88,7.57,1723,0.487,0.059,0.454,20.94007177938592,20.872822926330734,20.11813063296312,20.20160071980756,20.110927156097112,20.106498372807373,20.048352614606245,19.95270165330948,19.95143413776082,19.182734965066583,19.364977639376,19.470834397469837,19.478349307432048,19.4508479851357,19.425508103296462,19.42805746152176,19.431897731899756,19.434447090125055,19.382942543877437,19.37211983236957,19.369495194875245,19.35457365704957,19.328802531153105,19.33787201965427,19.362116636593253,19.362228517477053,19.38623443920767,19.368193662987814,19.368232040842987,19.39133414857421,19.372793950361782,19.37534330858708,19.380865827205582,19.38086467279799,19.378889536770533,19.375901418755035
89,12.5,1723,0.443,0.091,0.465,20.94007177938592,20.91682292633073,20.322078885729166,20.39763838425222,20.480858551377786,20.48260180168124,20.46228400988692,20.198548136142026,20.21130874382124,19.89173826278549,19.686927759630972,19.811074369716106,19.8066602687108,19.78218330016415,19.79174546749537,19.793593748566526,19.8324423483054,19.834290629376557,19.762087545304507,19.77446112313674,19.77632344424755,19.776470419508907,19.774311676328363,19.770445347974547,19.8110505900671,19.811181240162934,19.839039019469052,19.820503147905644,19.820518040163122,19.839411928193645,19.81815026557814,19.819998546649295,19.828242833774354,19.828237964639616,19.82475882813384,19.821173315789103
90,22.6,1723,0.398,0.125,0.477,20.94007177938592,20.961822926330733,20.57730535668439,20.644885373650695,21.016697442170308,21.021514854565318,21.043122900679442,21.073126785102993,21.09054367628828,21.237054414331567,21.180029851995005,21.17680250755175,21.1728587087677,21.17348251159599,21.171997437141233,21.17324146686674,21.209367616526123,21.210611646251632,21.28649592685741,21.317805659770592,21.320165919141758,21.31634067134298,21.289856219185722,21.31373362533273,21.37929692270511,21.379481026507065,21.41765197342712,21.401551353612536,21.40155435911852,21.415902270903782,21.386960345469095,21.3882043751946,21.40201228799375,21.40199509116238,21.395517128816852,21.3903175658009
91,41.0,1723,0.35,0.16,0.49,20.94007177938592,21.00982292633073,20.9218853997569,20.981063318826408,21.846143757759688,21.849997724851765,21.920569216268824,21.972762604010544,21.975167988467295,22.79911967318859,22.932245832096825,22.79136826390418,22.802743818454132,22.816938837225944,22.72947446128111,22.730221381162504,22.677233956832442,22.677980876713832,22.707722805176928,22.704093583830286,22.703953737757626,22.69276566862796,22.699196981592884,22.676090535236888,22.704878008031116,22.704995436665644,22.728851362812705,22.731335815768798,22.731335816539268,22.73298624675877,22.715177929419102,22.715924849300492,22.725226266923066,22.7252041178671,22.720148311096356,22.71671226620821
92,12.1,1723,0.434,0.06,0.506,20.94007177938592,20.92582292633073,20.368890008051828,20.44284504646139,20.573429606303055,20.57606769981207,20.563855064812188,20.365690629346798,20.38054401834439,20.124407198738435,19.879789082731843,19.967724323865763,19.986226187474127,19.980221223892197,19.980368868539102,19.982086246120907,20.02788632980255,20.029603707384354,19.987302959716498,20.007610388515328,20.010288716080492,20.00831276949179,20.039405422841142,20.003975480999248,20.055977198502813,20.05613384232561,20.089291180753712,20.057239836526477,20.057291348967023,20.088527477274884,20.063293857961025,20.06501123554283,20.072000379996286,20.071998732771227,20.069271469763507,20.064457037726456
93,21.9,1723,0.389,0.092,0.519,20.94007177938592,20.970822926330733,20.63543663001764,20.70143308843786,21.148734930971568,21.153724490739833,21.184160389480702,21.330208137706563,21.34641326729858,21.538270076128768,21.601861911167678,21.593226987611402,21.55627292283932,21.556555704449774,21.54415488467653,21.545293842466084,21.56545551724351,21.566594475033064,21.685571309143704,21.709557496798972,21.711123314263453,21.708223626760798,21.66817449447324,21.703393289292706,21.759222045600257,21.75938371250714,21.792671676807593,21.77003621190461,21.770053476775246,21.792084746964917,21.76689093885967,21.768029896649224,21.77657670754036,21.77657074113319,21.77238320888912,21.767295093041046
94,42.3,1723,0.342,0.125,0.532,20.94007177938592,21.017822926330734,20.988719150801174,21.046506670388215,22.0189792349244,22.022201825223227,22.101404693433537,22.02431865055635,22.022870399947845,23.034338863073124,22.92016189844468,22.843740110013584,22.815174510013335,22.810847762037074,22.749987913702913,22.750667016913496,22.70756711895926,22.70824622216984,22.81535133757559,22.804519275292215,22.804171805800177,22.778157652405042,22.757954487698584,22.75468599229781,22.78423198537176,22.784369740471092,22.812542729583054,22.80856009262606,22.808562280529618,22.818950419275108,22.797880370693914,22.798559473904493,22.80677861119809,22.80676608674333,22.80203767550366,22.79756713534623
95,22.3,1723,0.381,0.06,0.559,20.94007177938592,20.978822926330732,20.68941445862454,20.754006568268984,21.274370276245353,21.279380345255653,21.31779573475449,21.556495052819304,21.570935637153404,21.806362766106915,21.977272462621066,21.943783910696084,21.898570965770578,21.88738610947516,21.87242688022087,21.873477029432003,21.87552973309325,21.876579882304377,21.98755753050252,22.0031604929943,22.004053456330308,22.002286469117983,21.975974556555457,21.995076315650902,22.040227370206296,22.04036501111592,22.068513683491368,22.042591540656442,22.042636611247378,22.069094941981714,22.04785537392125,22.04890552313238,22.053251458690106,22.053250060490043,22.050928748153638,22.0461856883876
96,44.8,1723,0.335,0.092,0.573,20.94007177938592,21.02482292633073,21.049817169479713,21.10639027492283,22.180003438864755,22.182556978185243,22.26942889737389,22.018351949863423,22.013605193047045,23.231458914784923,22.80531152388656,22.782506900029233,22.73689661785366,22.72354417734272,22.69169471612664,22.692317909166757,22.672328968772806,22.672952161812926,22.848091999944145,22.829018602930102,22.828483048958585,22.784527005531004,22.745656776476938,22.753487248916663,22.784669523772003,22.784831914470573,22.818275629359874,22.805285485112396,22.805302694451697,22.827261038790148,22.80215028723819,22.80277348027831,22.809329922560895,22.80932397879796,22.805152873653284,22.799372280410964
97,25.0,1723,0.373,0.029,0.597,20.94007177938592,20.98682292633073,20.745707690067125,20.808898445562626,21.408379182677294,21.41328183809876,21.459804641186427,21.76638521966813,21.778435276516195,22.071813283246005,22.327976897215848,22.246272241265903,22.220548239520415,22.188788040182512,22.178165327194467,22.17913100653,22.16130726370289,22.16227294303842,22.228457369802072,22.236449654017022,22.236846487524158,22.235437286917424,22.234427042149157,22.225829269117916,22.261954480125514,22.26207319266732,22.286201196594355,22.258533279260103,22.258619501532284,22.287839225898757,22.26971436973004,22.270680049065568,22.272041306767726,22.272041171497662,22.27107675043196,22.266680983198867
98,51.7,1723,0.328,0.06,0.612,20.94007177938592,21.031822926330733,21.113523030418918,21.16888371421776,22.350833427492343,22.35260715228754,22.447258886001478,21.95447183235263,21.946693200202965,23.420422180248067,22.613735690283306,22.61015233137705,22.59336464761313,22.587035437159393,22.58056927063059,22.581139700109915,22.59785659558311,22.59842702506244,22.81152307366161,22.78403400935054,22.7833584098646,22.722228727192125,22.689480322472416,22.68443056724192,22.71691340975969,22.717097303480607,22.755221587005266,22.730780316835776,22.730840443483494,22.76658543768626,22.73781958194226,22.73839001142159,22.742300076508304,22.742298195748504,22.73917946597951,22.732128098370584
99,13.6,1673,0.508,0.124,0.368,20.94007177938592,20.851822926330733,20.033246479621916,20.120533490909764,19.974265216989725,19.965945548543885,19.89069067549886,19.939975976511285,19.931665324118573,19.128782735548583,19.43840486010811,19.48406861993087,19.52392516852764,19.4799998193866,19.46964870418016,19.472560344794086,19.47378598721765,19.476697627831577,19.56600322134582,19.539523981305233,19.531100094769652,19.486994249291776,19.525179817970884,19.46611088346073,19.545307399531094,19.54526650567566,19.580841710897474,19.59617943491971,19.595592475666407,19.60834441568606,19.580185411576323,19.583097052190247,19.6216470633025,19.621656807229215,19.62538677220072,19.627348059188616
100,19.9,1673,0.463,0.159,0.378,20.94007177938592,20.89682292633073,20.224569756436935,20.303710941595295,20.296984553288084,20.29627755167865,20.258410011797217,19.929410198602596,19.936284231264843,19.473432436369205,19.43166437386581,19.58645171218049,19.560860919604643,19.498957069124415,19.52482069914122,19.52697604063703,19.547304057682766,19.54945939917858,19.484629521033103,19.484354244696554,19.48437021507206,19.484202338153914,19.420274948018626,19.48058685875231,19.537804538819483,19.53777793762988,19.5613310151746,19.574895436253453,19.57427979469717,19.575877672342788,19.556852935961082,19.559008277456897,19.584502053065343,19.584516267003863,19.587793315146484,19.589266097492413
101,31.7,1673,0.416,0.196,0.388,20.94007177938592,20.943822926330732,20.468588696460195,20.539347864661877,20.779355703685066,20.78337258401009,20.7877811621942,20.577204581620034,20.594685574306293,20.65312070879841,20.42935320758621,20.444755486702153,20.490234481198385,20.462073906654172,20.49551440435126,20.4969847234504,20.54775076397815,20.54922108307729,20.456708698222982,20.486373515265704,20.489325705579255,20.485793374509523,20.522192345234213,20.495396510101187,20.61651913629713,20.61647332812936,20.656057314815104,20.68380354181201,20.68235071158481,20.6730509240542,20.64215197039211,20.64362228949125,20.68580901231087,20.68585088428079,20.692086081747792,20.69460344744948
102,54.7,1673,0.366,0.235,0.399,20.94007177938592,20.993822926330733,20.796982979772512,20.85894995253916,21.532991369480435,21.537692711956694,21.59141682798957,21.698554248636817,21.708043798178593,22.299919131524067,22.59188960124527,22.46214881059777,22.46599398025775,22.515980528861324,22.40962268414813,22.410518011755546,22.376203231868583,22.377098559476,22.34328122517245,22.352137608342492,22.352522953336596,22.35123520363212,22.347187280626468,22.350397616156922,22.42139618378689,22.421369437066257,22.44369961405392,22.46729396202022,22.466251061266902,22.455192699000897,22.438536744268553,22.439432071875967,22.461317832215656,22.461354817151747,22.465081912122628,22.466498135623404
103,8.33,1673,0.539,0.059,0.402,20.94007177938592,20.82082292633073,19.920030112187327,20.013004399257337,19.809296209098246,19.79428004721526,19.69472166760738,20.21664257437524,20.19945608649521,19.348997187232353,19.646849254914443,19.647929683636647,19.68286643342676,19.667223114785635,19.649690780100254,19.653153711313752,19.6728625291006,19.676325460314096,20.015950858875488,19.983285147396504,19.967949876211257,19.912387655453074,19.90785110859972,19.884345796513287,19.97515459608046,19.975107779486837,20.01529011634735,20.01126939770172,20.01103184036491,20.04678087445733,20.01571102451503,20.01917395572853,20.064516508274778,20.064517638364833,20.066454847402838,20.06885513842782
104,13.2,1673,0.497,0.091,0.412,20.94007177938592,20.862822926330733,20.076814977221687,20.16209916299389,20.043067449853446,20.036855745969376,19.97049290836258,19.93379810598882,19.929115873648016,19.134141548034858,19.389055569104972,19.4647594707009,19.490239134902144,19.45173442997871,19.435046012711886,19.437766220115904,19.43880480154068,19.441525008944698,19.436461894729288,19.418164117445315,19.41309847870895,19.38438970047111,19.397005757827706,19.36963100195605,19.438487209922155,19.438452290494872,19.469032921632007,19.472445214036835,19.472128317232016,19.491828443936164,19.46737921241764,19.470099419821658,19.505529855393526,19.50553322634032,19.507950641609135,19.510006372983735
105,21.5,1673,0.453,0.125,0.423,20.94007177938592,20.906822926330733,20.272248061377837,20.349595561350217,20.385345362404863,20.385941087371112,20.356770820913997,20.04867174123783,20.058659596625137,19.66419676873867,19.531778731996535,19.681232092421148,19.659417118709726,19.6155587379475,19.633672146353735,19.63567128736444,19.665320229732416,19.667319370743122,19.591955756777644,19.597284467632313,19.59822766195142,19.599756681288593,19.55628399621147,19.598739266614825,19.664725049635457,19.664695977902547,19.690342280916276,19.695955370465956,19.695520396711004,19.704667223697818,19.68410278318319,19.686101924193892,19.715762144282508,19.71576957422731,19.7185709920581,19.720428912931908
106,34.9,1673,0.407,0.16,0.434,20.94007177938592,20.952822926330732,20.521744999616498,20.590912553023564,20.89379673060811,20.898288422956238,20.911222189117243,20.819896523666564,20.83772177025153,20.940477368216825,20.783506157363448,20.78269243653227,20.812609004246355,20.80288945234528,20.81746607467514,20.818820587622493,20.865147560578297,20.866502073525655,20.859608792755402,20.893081471588648,20.895985440616897,20.891911897651813,20.90006781489475,20.90297023741241,21.03016025303758,21.030113317441298,21.070422134659527,21.08608140767636,21.085078152288677,21.087324665197006,21.056066978414762,21.05742149136212,21.102887780727738,21.10291054518181,21.1080723711423,21.110952110959484
107,69.4,1673,0.358,0.197,0.445,20.94007177938592,21.001822926330732,20.858038631999516,20.918609679464485,21.6844132772123,21.688759197609127,21.750838735721434,21.85975716419145,21.865873359561053,22.553912499055652,22.816638773940724,22.655495054020896,22.68102221338058,22.7161555119714,22.612194489793513,22.6130134681197,22.564545284756374,22.565364263082557,22.54916406607921,22.55147491260036,22.55155470227214,22.548076232256754,22.5618644830774,22.543672970718248,22.60563448893909,22.605610128186665,22.625861417641875,22.64239860153973,22.641726538265267,22.63726816881557,22.622316961556223,22.623135939882406,22.644013275433167,22.644032527556753,22.64684920967034,22.64823761750772
108,11.6,1673,0.487,0.059,0.454,20.94007177938592,20.872822926330734,20.11813063296312,20.20160071980756,20.110927156097112,20.106498372807373,20.048352614606245,19.95270165330948,19.95143413776082,19.182734965066583,19.364977639376,19.470834397469837,19.478349307432048,19.4508479851357,19.425508103296462,19.42805746152176,19.431897731899756,19.434447090125055,19.382942543877437,19.37211983236957,19.369495194875245,19.35457365704957,19.328802531153105,19.344877340686878,19.40531176540729,19.40528181696889,19.431669847911476,19.426132064815484,19.425973603880472,19.450366790558686,19.42910373468432,19.43165309290962,19.464105420228996,19.464106225834662,19.46548880052787,19.467596926461148
109,19.4,1673,0.443,0.091,0.465,20.94007177938592,20.91682292633073,20.322078885729166,20.39763838425222,20.480858551377786,20.48260180168124,20.46228400988692,20.198548136142026,20.21130874382124,19.89173826278549,19.686927759630972,19.811074369716106,19.8066602687108,19.78218330016415,19.79174546749537,19.793593748566526,19.8324423483054,19.834290629376557,19.762087545304507,19.77446112313674,19.77632344424755,19.776470419508907,19.774311676328363,19.778542082423233,19.860950743312465,19.86091648902602,19.890937611072058,19.887153431019307,19.886844602617565,19.906055502691522,19.88221721166394,19.884065492735093,19.92082006493756,19.9208233535377,19.923181751358133,19.92563087726169
110,37.1,1673,0.398,0.125,0.477,20.94007177938592,20.961822926330733,20.57730535668439,20.644885373650695,21.016697442170308,21.021514854565318,21.043122900679442,21.073126785102993,21.09054367628828,21.237054414331567,21.180029851995005,21.17680250755175,21.1728587087677,21.17348251159599,21.171997437141233,21.17324146686674,21.209367616526123,21.210611646251632,21.28649592685741,21.317805659770592,21.320165919141758,21.31634067134298,21.289856219185722,21.326108258432093,21.446265402340682,21.446221574825444,21.483617404880636,21.487533388239516,21.486926551027285,21.499554195139083,21.470763107531216,21.472007137256725,21.516146600088373,21.51615645182153,21.51985873767989,21.522818538563527
111,70.1,1673,0.35,0.16,0.49,20.94007177938592,21.00982292633073,20.9218853997569,20.981063318826408,21.846143757759688,21.849997724851765,21.920569216268824,21.972762604010544,21.975167988467295,22.79911967318859,22.932245832096825,22.79136826390418,22.802743818454132,22.816938837225944,22.72947446128111,22.730221381162504,22.677233956832442,22.677980876713832,22.707722805176928,22.704093583830286,22.703953737757626,22.69276566862796,22.699196981592884,22.68424370047825,22.746077452328564,22.746051508332215,22.76768187434582,22.780480451508996,22.779979009061858,22.78110070755202,22.76512372807973,22.765870647961123,22.78966302356298,22.7896740111038,22.79215420577839,22.79380941388905
112,19.2,1673,0.434,0.06,0.506,20.94007177938592,20.92582292633073,20.368890008051828,20.44284504646139,20.573429606303055,20.57606769981207,20.563855064812188,20.365690629346798,20.38054401834439,20.124407198738435,19.879789082731843,19.967724323865763,19.986226187474127,19.980221223892197,19.980368868539102,19.982086246120907,20.02788632980255,20.029603707384354,19.987302959716498,20.007610388515328,20.010288716080492,20.00831276949179,20.039405422841142,20.013866883484635,20.115055405713086,20.11501533125302,20.149909889294953,20.134992550542883,20.134781618821183,20.16604753106093,20.138570634108586,20.14028801169039,20.185087095786546,20.185088168952163,20.186867835302316,20.19002398833506
113,34.7,1673,0.389,0.092,0.519,20.94007177938592,20.970822926330733,20.63543663001764,20.70143308843786,21.148734930971568,21.153724490739833,21.184160389480702,21.330208137706563,21.34641326729858,21.538270076128768,21.601861911167678,21.593226987611402,21.55627292283932,21.556555704449774,21.54415488467653,21.545293842466084,21.56545551724351,21.566594475033064,21.685571309143704,21.709557496798972,21.711123314263453,21.708223626760798,21.66817449447324,21.7144657384843,21.81731576995254,21.817278230027966,21.849070895503054,21.844481682602673,21.8441576699093,21.863337031433232,21.83908555165146,21.840224509441015,21.87905983868307,21.879063085091154,21.881334403771667,21.884075676882006
114,70.9,1673,0.342,0.125,0.532,20.94007177938592,21.017822926330734,20.988719150801174,21.046506670388215,22.0189792349244,22.022201825223227,22.101404693433537,22.02431865055635,22.022870399947845,23.034338863073124,22.92016189844468,22.843740110013584,22.815174510013335,22.810847762037074,22.749987913702913,22.750667016913496,22.70756711895926,22.70824622216984,22.81535133757559,22.804519275292215,22.804171805800177,22.778157652405042,22.757954487698584,22.764088119387985,22.833142283931156,22.8331110804359,22.859335023483222,22.8690600572644,22.868648258360047,22.877170832032387,22.857597825956244,22.858276929166824,22.88931615000903,22.889322624556392,22.891751216746144,22.89401954543214
115,35.7,1673,0.381,0.06,0.559,20.94007177938592,20.978822926330732,20.68941445862454,20.754006568268984,21.274370276245353,21.279380345255653,21.31779573475449,21.556495052819304,21.570935637153404,21.806362766106915,21.977272462621066,21.943783910696084,21.898570965770578,21.88738610947516,21.87242688022087,21.873477029432003,21.87552973309325,21.876579882304377,21.98755753050252,22.0031604929943,22.004053456330308,22.002286469117983,21.975974556555457,22.004648707013942,22.089094152031333,22.08906297834658,22.115260824182506,22.10542609051652,22.10526887618338,22.127844571838555,22.1080826071826,22.109132756393727,22.14195597328521,22.141956690951435,22.14314458480156,22.145550148375804
116,73.2,1673,0.335,0.092,0.573,20.94007177938592,21.02482292633073,21.049817169479713,21.10639027492283,22.180003438864755,22.182556978185243,22.26942889737389,22.018351949863423,22.013605193047045,23.231458914784923,22.80531152388656,22.782506900029233,22.73689661785366,22.72354417734272,22.69169471612664,22.692317909166757,22.672328968772806,22.672952161812926,22.848091999944145,22.829018602930102,22.828483048958585,22.784527005531004,22.745656776476938,22.764420287087884,22.84304407645051,22.843006340941706,22.87497175043066,22.879466837673515,22.879144088961255,22.898246742431024,22.874091617829656,22.874714810869772,22.915246379784584,22.915249598411567,22.917501329423054,22.920599888186697
117,39.4,1673,0.373,0.029,0.597,20.94007177938592,20.98682292633073,20.745707690067125,20.808898445562626,21.408379182677294,21.41328183809876,21.459804641186427,21.76638521966813,21.778435276516195,22.071813283246005,22.327976897215848,22.246272241265903,22.220548239520415,22.188788040182512,22.178165327194467,22.17913100653,22.16130726370289,22.16227294303842,22.228457369802072,22.236449654017022,22.236846487524158,22.235437286917424,22.234427042149157,22.234168494313526,22.30363910288611,22.30361282916127,22.325530600204754,22.312572683827884,22.312502037054024,22.3369287183385,22.320605716180054,22.321571395515583,22.349562494311684,22.349562559626087,22.35002734014756,22.35212392657119
118,81.6,1673,0.328,0.06,0.612,20.94007177938592,21.031822926330733,21.113523030418918,21.16888371421776,22.350833427492343,22.35260715228754,22.447258886001478,21.95447183235263,21.946693200202965,23.420422180248067,22.613735690283306,22.61015233137705,22.59336464761313,22.587035437159393,22.58056927063059,22.581139700109915,22.59785659558311,22.59842702506244,22.81152307366161,22.78403400935054,22.7833584098646,22.722228727192125,22.689480322472416,22.696682131660783,22.783795882140435,22.78375211735952,22.8210912157588,22.81727599289995,22.81705220376723,22.849627200104067,22.821063696610892,22.82163412609022,22.87204569269333,22.87204675917026,22.87381341571244,22.877795364052464
119,12.6,1723,0.443,0.091,0.465,20.94007177938592,20.91682292633073,20.322078885729166,20.39763838425222,20.480858551377786,20.48260180168124,20.46228400988692,20.198548136142026,20.21130874382124,19.89173826278549,19.686927759630972,19.811074369716106,19.8066602687108,19.78218330016415,19.79174546749537,19.793593748566526,19.8324423483054,19.834290629376557,19.762087545304507,19.77446112313674,19.77632344424755,19.776470419508907,19.774311676328363,19.770445347974547,19.8110505900671,19.811181240162934,19.839039019469052,19.820503147905644,19.820518040163122,19.839411928193645,19.81815026557814,19.819998546649295,19.828242833774354,19.828237964639616,19.82475882813384,19.821173315789103
120,13.69,1723,0.453,0.125,0.423,20.94007177938592,20.906822926330733,20.272248061377837,20.349595561350217,20.385345362404863,20.385941087371112,20.356770820913997,20.04867174123783,20.058659596625137,19.66419676873867,19.531778731996535,19.681232092421148,19.659417118709726,19.6155587379475,19.633672146353735,19.63567128736444,19.665320229732416,19.667319370743122,19.591955756777644,19.597284467632313,19.59822766195142,19.599756681288593,19.55628399621147,19.592144570008998,19.62288896446874,19.622997057173905,19.646223690794837,19.638741950863242,19.638743800702578,19.64769093579006,19.629880399927277,19.63187954093798,19.640790097965954,19.640779436942484,19.63678644175374,19.634168025537956
121,13.23,1673,0.497,0.091,0.412,20.94007177938592,20.862822926330733,20.076814977221687,20.16209916299389,20.043067449853446,20.036855745969376,19.97049290836258,19.93379810598882,19.929115873648016,19.134141548034858,19.389055569104972,19.4647594707009,19.490239134902144,19.45173442997871,19.435046012711886,19.437766220115904,19.43880480154068,19.441525008944698,19.436461894729288,19.418164117445315,19.41309847870895,19.38438970047111,19.397005757827706,19.36963100195605,19.438487209922155,19.438452290494872,19.469032921632007,19.472445214036835,19.472128317232016,19.491828443936164,19.46737921241764,19.470099419821658,19.505529855393526,19.50553322634032,19.507950641609135,19.510006372983735
122,21.48,1673,0.453,0.125,0.423,20.94007177938592,20.906822926330733,20.272248061377837,20.349595561350217,20.385345362404863,20.385941087371112,20.356770820913997,20.04867174123783,20.058659596625137,19.66419676873867,19.531778731996535,19.681232092421148,19.659417118709726,19.6155587379475,19.633672146353735,19.63567128736444,19.665320229732416,19.667319370743122,19.591955756777644,19.597284467632313,19.59822766195142,19.599756681288593,19.55628399621147,19.598739266614825,19.664725049635457,19.664695977902547,19.690342280916276,19.695955370465956,19.695520396711004,19.704667223697818,19.68410278318319,19.686101924193892,19.715762144282508,19.71576957422731,19.7185709920581,19.720428912931908
123,33.1,1623,0.443,0.091,0.465,20.94007177938592,20.91682292633073,20.322078885729166,20.39763838425222,20.480858551377786,20.48260180168124,20.46228400988692,20.198548136142026,20.21130874382124,19.89173826278549,19.686927759630972,19.811074369716106,19.8066602687108,19.78218330016415,19.79174546749537,19.793593748566526,19.8324423483054,19.834290629376557,19.762087545304507,19.77446112313674,19.77632344424755,19.776470419508907,19.774311676328363,19.78702395032074,19.912822470040833,19.91123141259501,19.944609072361903,19.953845065091368,19.950001919592196,19.97378474328862,19.954509684302526,19.956357965373684,20.006184534400916,20.006193743877994,20.012687798268864,20.019192514326022
